inode,parent-inode,directory-depth,"filename","fileExtension",UID,GID,st_size,st_dev,st_blocks,st_nlink,"st_mode",st_atime,st_mtime,st_ctime,pw_fcount,pw_dirsum
6588825339,5860889729,0,"/home/dsimsb/groups/RDNFTS/ZoomInstallerVDI.msi","msi",0,10,45529600,59,119008,1,"0100770",1622127720,1622127720,1622128255,-1,0
6551219095,5860889729,0,"/home/dsimsb/groups/RDNFTS/New Text Document.txt","txt",0,10,159,59,96,1,"0100770",1620399569,1620399569,1620399569,-1,0
6556814074,5860889729,0,"/home/dsimsb/groups/RDNFTS/webexplugin.msi","msi",0,10,28129280,59,62448,1,"0100770",1619211489,1619211489,1619212611,-1,0
5895662153,5860889729,0,"/home/dsimsb/groups/RDNFTS/.DS_Store","",0,10,6148,59,48,1,"0100770",1675466987,1675466987,1675466987,-1,0
6589588900,5860889729,0,"/home/dsimsb/groups/RDNFTS/VMware-Horizon-Agent-x86_64-7.13.1-18035779.exe","exe",0,10,260617944,59,575616,1,"0100770",1621978467,1621978467,1621978594,-1,0
6524866357,5860889729,0,"/home/dsimsb/groups/RDNFTS/Webex.msi","msi",0,10,204632064,59,451776,1,"0100770",1618857219,1618857219,1618857977,-1,0
6543887509,5860889729,0,"/home/dsimsb/groups/RDNFTS/Teams_windows_x64.msi","msi",0,10,111546368,59,246384,1,"0100770",1618866493,1618866493,1618866518,-1,0
6542144254,5860889729,0,"/home/dsimsb/groups/RDNFTS/webexapp.msi","msi",0,10,126893056,59,279936,1,"0100770",1619042349,1619042349,1619107537,-1,0
7981197436,5860889729,0,"/home/dsimsb/groups/RDNFTS/This is a test.docx","docx",0,10,11851,59,144,1,"0100770",1675467358,1675467358,1675467362,-1,0
8720989500,5860889729,0,"/home/dsimsb/groups/RDNFTS/New Bitmap Image.bmp","bmp",0,10,0,59,48,1,"0100770",1708138296,1708138296,1708138296,-1,0
7228903194,5860889729,0,"/home/dsimsb/groups/RDNFTS/Admin_Utilities-11.2.0.1.zip","zip",0,10,5192540,59,11728,1,"0100770",1636567796,1636567796,1636567837,-1,0
5860889729,0,-1,"/home/dsimsb/groups/RDNFTS","",0,10,561,59,64,7,"0040770",1708138296,1708138296,1708138296,16,782560290
6517595590,5860889729,0,"/home/dsimsb/groups/RDNFTS/2021_03_23_132628MHF","",0,10,39,59,64,3,"0040770",1616531156,1616531156,1616531156,1,199
6433650504,5860889729,0,"/home/dsimsb/groups/RDNFTS/Office","",0,10,110,59,64,5,"0040770",1675805590,1675805590,1675805590,3,1409
6536650315,5845903822,1,"/home/dsimsb/groups/RDNFTS/Tools/SDelete.zip","zip",65534,65534,532121,59,1600,1,"0100770",1716431238,1716431238,1716431238,-1,0
5893979191,5845903822,1,"/home/dsimsb/groups/RDNFTS/Tools/.DS_Store","",65534,65534,6148,59,96,1,"0100770",1587400400,1587400400,1587400400,-1,0
6360715455,5845903822,1,"/home/dsimsb/groups/RDNFTS/Tools/certinstall.zip","zip",65534,65534,1887,59,96,1,"0100770",1603131074,1603131074,1603131074,-1,0
5868885402,5845903822,1,"/home/dsimsb/groups/RDNFTS/Tools/8gbtest.txt","txt",65534,65534,8000000000,59,17621392,1,"0100770",1585326999,1585326999,1585327140,-1,0
5845903822,5860889729,0,"/home/dsimsb/groups/RDNFTS/Tools","",0,10,309,59,64,8,"0040770",1617821575,1617821575,1617821575,10,8000540614
6522622648,6517595591,2,"/home/dsimsb/groups/RDNFTS/2021_03_23_132628MHF/CHEMI_01062021_121557/CHEMI_01062021_121557.g2i","g2i",5597,65534,1137434,59,2784,1,"0100770",1616531156,1616531156,1616531156,-1,0
6517595592,6517595591,2,"/home/dsimsb/groups/RDNFTS/2021_03_23_132628MHF/CHEMI_01062021_121557/CHEMI_01062021_121557_(Chemi)_raw.tif","tif",5597,65534,730273,59,2000,1,"0100770",1616531156,1616531156,1616531156,-1,0
6522622647,6517595591,2,"/home/dsimsb/groups/RDNFTS/2021_03_23_132628MHF/CHEMI_01062021_121557/CHEMI_01062021_121557_(Membrane)_raw.tif","tif",5597,65534,730273,59,2000,1,"0100770",1616531156,1616531156,1616531156,-1,0
6522622646,6517595591,2,"/home/dsimsb/groups/RDNFTS/2021_03_23_132628MHF/CHEMI_01062021_121557/CHEMI_01062021_121557.tif","tif",5597,65534,1095331,59,3216,1,"0100770",1616531156,1616531156,1616531156,-1,0
6517595591,6517595590,1,"/home/dsimsb/groups/RDNFTS/2021_03_23_132628MHF/CHEMI_01062021_121557","",5597,65534,199,59,64,2,"0040770",1616531156,1616531156,1616531156,4,3693311
6433651053,6433651052,2,"/home/dsimsb/groups/RDNFTS/Office/Office 2019/2019_OHSU_CCW.xml","xml",65534,65534,1456,59,96,1,"0100770",1603229444,1603229444,1610038240,-1,0
6433651054,6433651052,2,"/home/dsimsb/groups/RDNFTS/Office/Office 2019/setup.exe","exe",65534,65534,6565688,59,14928,1,"0100770",1602096452,1602096452,1610038240,-1,0
6441313951,6433651052,2,"/home/dsimsb/groups/RDNFTS/Office/Office 2019/2019_OHSU_Standard.xml","xml",65534,65534,1426,59,96,1,"0100770",1603229176,1603229176,1610038240,-1,0
6433651055,6433651052,2,"/home/dsimsb/groups/RDNFTS/Office/Office 2019/Manual_2019_Install.ps1","ps1",65534,65534,5428,59,96,1,"0100770",1603235289,1603235289,1610038240,-1,0
6433651056,6433651052,2,"/home/dsimsb/groups/RDNFTS/Office/Office 2019/Manual Install README.txt","txt",65534,65534,264,59,96,1,"0100770",1608761423,1608761423,1610038240,-1,0
6433651052,6433650504,1,"/home/dsimsb/groups/RDNFTS/Office/Office 2019","",65534,65534,210,59,64,3,"0040770",1610038240,1610038240,1610038256,6,6574284
7996936627,7996880495,2,"/home/dsimsb/groups/RDNFTS/Office/Office 2019 for macOS/Microsoft_Excel_16.69.23010700_Installer.pkg","pkg",65534,65534,964265313,59,2122656,1,"0100770",1675805919,1675805919,1675806009,-1,0
7996880502,7996880495,2,"/home/dsimsb/groups/RDNFTS/Office/Office 2019 for macOS/readme.txt","txt",65534,65534,648,59,48,1,"0100770",1675806216,1675806216,1675806542,-1,0
7996986929,7996880495,2,"/home/dsimsb/groups/RDNFTS/Office/Office 2019 for macOS/Microsoft_Word_16.69.23010700_Installer.pkg","pkg",65534,65534,1199777139,59,2641360,1,"0100770",1675805949,1675805949,1675806001,-1,0
7997388985,7996880495,2,"/home/dsimsb/groups/RDNFTS/Office/Office 2019 for macOS/Microsoft_Office_2019_VL_Serializer_Universal.pkg","pkg",65534,65534,11465242,59,25520,1,"0100770",1615428610,1615428610,1675806435,-1,0
7996936626,7996880495,2,"/home/dsimsb/groups/RDNFTS/Office/Office 2019 for macOS/Microsoft_PowerPoint_16.69.23010700_Installer.pkg","pkg",65534,65534,847028958,59,1864576,1,"0100770",1675805933,1675805933,1675805990,-1,0
7996880495,6433650504,1,"/home/dsimsb/groups/RDNFTS/Office/Office 2019 for macOS","",65534,65534,285,59,64,2,"0040770",1675806256,1675806256,1675806256,5,3022537300
6433650506,6433650505,2,"/home/dsimsb/groups/RDNFTS/Office/Office 2016 Professional/standard-install.bat","bat",65534,65534,32,59,96,1,"0100770",1554327572,1554327572,1610038180,-1,0
6441313663,6433650505,2,"/home/dsimsb/groups/RDNFTS/Office/Office 2016 Professional/Basic.MSP.xml","xml",65534,65534,5162,59,96,1,"0100770",1608316674,1608316674,1610038180,-1,0
6433650507,6433650505,2,"/home/dsimsb/groups/RDNFTS/Office/Office 2016 Professional/autorun.inf","inf",65534,65534,175,59,96,1,"0100770",1432792407,1432792407,1610038180,-1,0
6441313666,6433650505,2,"/home/dsimsb/groups/RDNFTS/Office/Office 2016 Professional/setup.exe","exe",65534,65534,236736,59,1024,1,"0100770",1438350043,1438350043,1610038181,-1,0
6433650510,6433650505,2,"/home/dsimsb/groups/RDNFTS/Office/Office 2016 Professional/Basic-CCW.MSP","MSP",65534,65534,1949696,59,4368,1,"0100770",1608316788,1608316788,1610038181,-1,0
6433650511,6433650505,2,"/home/dsimsb/groups/RDNFTS/Office/Office 2016 Professional/readme.htm","htm",65534,65534,371,59,96,1,"0100770",1435204036,1435204036,1610038181,-1,0
6441313667,6433650505,2,"/home/dsimsb/groups/RDNFTS/Office/Office 2016 Professional/Basic.MSP","MSP",65534,65534,1945600,59,4368,1,"0100770",1608316674,1608316674,1610038181,-1,0
6441313668,6433650505,2,"/home/dsimsb/groups/RDNFTS/Office/Office 2016 Professional/Basic-CCW.MSP.xml","xml",65534,65534,5230,59,96,1,"0100770",1608316788,1608316788,1610038182,-1,0
6433650514,6433650505,2,"/home/dsimsb/groups/RDNFTS/Office/Office 2016 Professional/setup.dll","dll",65534,65534,607936,59,1760,1,"0100770",1438350041,1438350041,1610038182,-1,0
6433650517,6433650505,2,"/home/dsimsb/groups/RDNFTS/Office/Office 2016 Professional/uninstall.xml","xml",65534,65534,272,59,96,1,"0100770",1456172791,1456172791,1610038182,-1,0
6433650505,6433650504,1,"/home/dsimsb/groups/RDNFTS/Office/Office 2016 Professional","",65534,65534,914,59,64,23,"0040770",1610038239,1610038239,1610038239,31,4754791
6369213891,5845903822,1,"/home/dsimsb/groups/RDNFTS/Tools/certinstall2","",65534,65534,29,59,64,3,"0040770",1604502487,1604502487,1604502487,1,66
6222003131,5879692277,2,"/home/dsimsb/groups/RDNFTS/Tools/certinstall/certinstall.bat","bat",65534,65534,82,59,96,1,"0100770",1600885538,1600885538,1601393533,-1,0
6284515922,5879692277,2,"/home/dsimsb/groups/RDNFTS/Tools/certinstall/OHSURDNCert.p7b","p7b",65534,65534,1336,59,96,1,"0100770",1583432685,1583432685,1598992146,-1,0
5879692277,5845903822,1,"/home/dsimsb/groups/RDNFTS/Tools/certinstall","",65534,65534,66,59,64,2,"0040770",1598992146,1598992146,1598992146,2,1418
6378320538,6378731874,2,"/home/dsimsb/groups/RDNFTS/Tools/CAB Import/InteractiveCABDrivers.bat","bat",65534,65534,2572,59,96,1,"0100770",1555973866,1555973866,1604512916,-1,0
6378320537,6378731874,2,"/home/dsimsb/groups/RDNFTS/Tools/CAB Import/InteractiveDriverImport.ps1","ps1",65534,65534,6919,59,96,1,"0100770",1557526540,1557526540,1604512913,-1,0
6378731874,5845903822,1,"/home/dsimsb/groups/RDNFTS/Tools/CAB Import","",65534,65534,88,59,64,2,"0040770",1604512914,1604512914,1604512914,2,9491
6275249045,6293444101,2,"/home/dsimsb/groups/RDNFTS/Tools/FirewallRules/FilePrinterSharing.bat","bat",65534,65534,947,59,96,1,"0100770",1599574723,1599574723,1599574723,-1,0
6275249046,6293444101,2,"/home/dsimsb/groups/RDNFTS/Tools/FirewallRules/EnableRDP.bat","bat",65534,65534,73,59,96,1,"0100770",1609782806,1609782806,1609782806,-1,0
6217191816,6293444101,2,"/home/dsimsb/groups/RDNFTS/Tools/FirewallRules/EnablePing.bat","bat",65534,65534,118,59,96,1,"0100770",1612998728,1612998728,1612998728,-1,0
6293444101,5845903822,1,"/home/dsimsb/groups/RDNFTS/Tools/FirewallRules","",65534,65534,103,59,64,2,"0040770",1599574746,1599574746,1601908639,3,1138
5893116305,5906917748,2,"/home/dsimsb/groups/RDNFTS/Tools/Splunk Workstation 7.2.1/SplunkAgentInstaller.ps1","ps1",65534,65534,4035,59,96,1,"0100770",1546902186,1546902186,1587575952,-1,0
5901997828,5906917748,2,"/home/dsimsb/groups/RDNFTS/Tools/Splunk Workstation 7.2.1/readme.txt","txt",65534,65534,126,59,96,1,"0100770",1587575982,1587575982,1587575982,-1,0
5906917749,5906917748,2,"/home/dsimsb/groups/RDNFTS/Tools/Splunk Workstation 7.2.1/splunkforwarder-7.2.1-be11b2c46e23-x64-release.msi","msi",65534,65534,61878272,59,136560,1,"0100770",1544728987,1544728987,1587575953,-1,0
5906917748,5845903822,1,"/home/dsimsb/groups/RDNFTS/Tools/Splunk Workstation 7.2.1","",65534,65534,138,59,64,2,"0040770",1587575962,1587575962,1587575967,3,61882433
6160035503,6289850171,2,"/home/dsimsb/groups/RDNFTS/Tools/Disable Sleep/disablesleep.bat","bat",65534,65534,350,59,96,1,"0100770",1599234804,1599234804,1599234823,-1,0
6289850171,5845903822,1,"/home/dsimsb/groups/RDNFTS/Tools/Disable Sleep","",65534,65534,34,59,64,2,"0040770",1599234823,1599234823,1599234823,1,350
6433651057,6433651052,2,"/home/dsimsb/groups/RDNFTS/Office/Office 2019/Office","",65534,65534,22,59,64,3,"0040770",1610038240,1610038240,1610038255,1,101
6441313933,6441313932,3,"/home/dsimsb/groups/RDNFTS/Office/Office 2016 Professional/osm.en-us/osmmui.cab","cab",65534,65534,16813,59,192,1,"0100770",1438367684,1438367684,1610038237,-1,0
6441313936,6441313932,3,"/home/dsimsb/groups/RDNFTS/Office/Office 2016 Professional/osm.en-us/osmmui.msi","msi",65534,65534,1224704,59,2960,1,"0100770",1438366772,1438366772,1610038238,-1,0
6441313937,6441313932,3,"/home/dsimsb/groups/RDNFTS/Office/Office 2016 Professional/osm.en-us/osmmui.xml","xml",65534,65534,1123,59,96,1,"0100770",1438362181,1438362181,1610038238,-1,0
6433651036,6441313932,3,"/home/dsimsb/groups/RDNFTS/Office/Office 2016 Professional/osm.en-us/setup.xml","xml",65534,65534,2038,59,96,1,"0100770",1438377428,1438377428,1610038238,-1,0
6441313932,6433650505,2,"/home/dsimsb/groups/RDNFTS/Office/Office 2016 Professional/osm.en-us","",65534,65534,111,59,64,2,"0040770",1610038238,1610038238,1610038253,4,1244678
6433651040,6433651039,3,"/home/dsimsb/groups/RDNFTS/Office/Office 2016 Professional/onenote.en-us/onenotemui.xml","xml",65534,65534,1817,59,96,1,"0100770",1438362135,1438362135,1610038238,-1,0
6433651043,6433651039,3,"/home/dsimsb/groups/RDNFTS/Office/Office 2016 Professional/onenote.en-us/onotelr.cab","cab",65534,65534,13354772,59,29824,1,"0100770",1438366804,1438366804,1610038238,-1,0
6441313940,6433651039,3,"/home/dsimsb/groups/RDNFTS/Office/Office 2016 Professional/onenote.en-us/onenotemui.msi","msi",65534,65534,2387968,59,5744,1,"0100770",1438366762,1438366762,1610038239,-1,0
6441313943,6433651039,3,"/home/dsimsb/groups/RDNFTS/Office/Office 2016 Professional/onenote.en-us/setup.xml","xml",65534,65534,2175,59,96,1,"0100770",1438377428,1438377428,1610038239,-1,0
6433651039,6433650505,2,"/home/dsimsb/groups/RDNFTS/Office/Office 2016 Professional/onenote.en-us","",65534,65534,120,59,64,2,"0040770",1610038239,1610038239,1610038254,4,15746732
6433650973,6433650972,3,"/home/dsimsb/groups/RDNFTS/Office/Office 2016 Professional/powerpoint.en-us/pptlr.cab","cab",65534,65534,6310126,59,14016,1,"0100770",1438368309,1438368309,1610038233,-1,0
6433650976,6433650972,3,"/home/dsimsb/groups/RDNFTS/Office/Office 2016 Professional/powerpoint.en-us/powerpointmui.xml","xml",65534,65534,1661,59,96,1,"0100770",1438362374,1438362374,1610038233,-1,0
6433650979,6433650972,3,"/home/dsimsb/groups/RDNFTS/Office/Office 2016 Professional/powerpoint.en-us/powerpointmui.msi","msi",65534,65534,2387968,59,5744,1,"0100770",1438366618,1438366618,1610038233,-1,0
6433650982,6433650972,3,"/home/dsimsb/groups/RDNFTS/Office/Office 2016 Professional/powerpoint.en-us/setup.xml","xml",65534,65534,2072,59,96,1,"0100770",1438377429,1438377429,1610038234,-1,0
6433650972,6433650505,2,"/home/dsimsb/groups/RDNFTS/Office/Office 2016 Professional/powerpoint.en-us","",65534,65534,124,59,64,2,"0040770",1610038234,1610038234,1610038247,4,8701827
6382495894,6369213892,3,"/home/dsimsb/groups/RDNFTS/Tools/certinstall2/certinstall/certinstall.bat","bat",65534,65534,82,59,96,1,"0100770",1600889138,1600889138,1604502488,-1,0
6369213893,6369213892,3,"/home/dsimsb/groups/RDNFTS/Tools/certinstall2/certinstall/OHSURDNCert.p7b","p7b",65534,65534,1336,59,96,1,"0100770",1583436286,1583436286,1604502488,-1,0
6369213892,6369213891,2,"/home/dsimsb/groups/RDNFTS/Tools/certinstall2/certinstall","",65534,65534,66,59,64,2,"0040770",1604502488,1604502488,1604502502,2,1418
6441313945,6441313944,3,"/home/dsimsb/groups/RDNFTS/Office/Office 2016 Professional/word.en-us/wordlr.cab","cab",65534,65534,10079733,59,22304,1,"0100770",1438367893,1438367893,1610038239,-1,0
6433651048,6441313944,3,"/home/dsimsb/groups/RDNFTS/Office/Office 2016 Professional/word.en-us/setup.xml","xml",65534,65534,2772,59,96,1,"0100770",1438377429,1438377429,1610038239,-1,0
6433651051,6441313944,3,"/home/dsimsb/groups/RDNFTS/Office/Office 2016 Professional/word.en-us/wordmui.xml","xml",65534,65534,2108,59,96,1,"0100770",1438362762,1438362762,1610038240,-1,0
6441313948,6441313944,3,"/home/dsimsb/groups/RDNFTS/Office/Office 2016 Professional/word.en-us/wordmui.msi","msi",65534,65534,2404352,59,5776,1,"0100770",1438367333,1438367333,1610038240,-1,0
6441313944,6433650505,2,"/home/dsimsb/groups/RDNFTS/Office/Office 2016 Professional/word.en-us","",65534,65534,113,59,64,2,"0040770",1610038240,1610038240,1610038255,4,12488965
6433650530,6433650529,3,"/home/dsimsb/groups/RDNFTS/Office/Office 2016 Professional/admin/pub16.opax","opax",65534,65534,38120,59,288,1,"0100770",1438229179,1438229179,1610038184,-1,0
6441313679,6433650529,3,"/home/dsimsb/groups/RDNFTS/Office/Office 2016 Professional/admin/outlk16.opax","opax",65534,65534,561742,59,1664,1,"0100770",1438229179,1438229179,1610038184,-1,0
6441313682,6433650529,3,"/home/dsimsb/groups/RDNFTS/Office/Office 2016 Professional/admin/octca.dll","dll",65534,65534,127656,59,816,1,"0100770",1438350049,1438350049,1610038184,-1,0
6433650533,6433650529,3,"/home/dsimsb/groups/RDNFTS/Office/Office 2016 Professional/admin/access16.opax","opax",65534,65534,64158,59,432,1,"0100770",1438229176,1438229176,1610038184,-1,0
6433650536,6433650529,3,"/home/dsimsb/groups/RDNFTS/Office/Office 2016 Professional/admin/visio16.opax","opax",65534,65534,100134,59,672,1,"0100770",1438229180,1438229180,1610038184,-1,0
6441313685,6433650529,3,"/home/dsimsb/groups/RDNFTS/Office/Office 2016 Professional/admin/oct.dll","dll",65534,65534,5006536,59,11376,1,"0100770",1438350039,1438350039,1610038185,-1,0
6433650539,6433650529,3,"/home/dsimsb/groups/RDNFTS/Office/Office 2016 Professional/admin/word16.opax","opax",65534,65534,368842,59,1296,1,"0100770",1438229180,1438229180,1610038185,-1,0
6441313688,6433650529,3,"/home/dsimsb/groups/RDNFTS/Office/Office 2016 Professional/admin/office16.opax","opax",65534,65534,1333078,59,3168,1,"0100770",1438229178,1438229178,1610038185,-1,0
6433650542,6433650529,3,"/home/dsimsb/groups/RDNFTS/Office/Office 2016 Professional/admin/onent16.opax","opax",65534,65534,116530,59,768,1,"0100770",1438229178,1438229178,1610038185,-1,0
6441313691,6433650529,3,"/home/dsimsb/groups/RDNFTS/Office/Office 2016 Professional/admin/excel16.opax","opax",65534,65534,204078,59,960,1,"0100770",1438229177,1438229177,1610038185,-1,0
6441313694,6433650529,3,"/home/dsimsb/groups/RDNFTS/Office/Office 2016 Professional/admin/proj16.opax","opax",65534,65534,277644,59,1104,1,"0100770",1438229179,1438229179,1610038186,-1,0
6433650545,6433650529,3,"/home/dsimsb/groups/RDNFTS/Office/Office 2016 Professional/admin/spd16.opax","opax",65534,65534,20350,59,192,1,"0100770",1438229179,1438229179,1610038186,-1,0
6441313697,6433650529,3,"/home/dsimsb/groups/RDNFTS/Office/Office 2016 Professional/admin/ppt16.opax","opax",65534,65534,134886,59,832,1,"0100770",1438229179,1438229179,1610038186,-1,0
6433650529,6433650505,2,"/home/dsimsb/groups/RDNFTS/Office/Office 2016 Professional/admin","",65534,65534,629,59,64,13,"0040770",1610038212,1610038212,1610038212,24,8357916
7993627777,7987180733,1,"/home/dsimsb/groups/RDNFTS/murrahe test/Records for UID-2.docx","docx",65534,65534,1179648,59,432,1,"0100770",1675467811,1675467811,1675468720,-1,0
7985058266,7987180733,1,"/home/dsimsb/groups/RDNFTS/murrahe test/~$LeifsTest5.xlsx","xlsx",65534,65534,165,59,48,1,"0100770",1675468401,1675468401,1675468401,-1,0
7983788075,7987180733,1,"/home/dsimsb/groups/RDNFTS/murrahe test/~$test01.xlsx","xlsx",65534,65534,165,59,48,1,"0100770",1675978087,1675978087,1675978087,-1,0
7984511682,7987180733,1,"/home/dsimsb/groups/RDNFTS/murrahe test/Test01.rtf","rtf",65534,65534,377,59,48,1,"0100770",1675980179,1675980179,1675980180,-1,0
7982040469,7987180733,1,"/home/dsimsb/groups/RDNFTS/murrahe test/LeifsTest4.xlsx","xlsx",65534,65534,131072,59,816,1,"0100770",1675467677,1675467677,1675467694,-1,0
7993627783,7987180733,1,"/home/dsimsb/groups/RDNFTS/murrahe test/LeifsTest5.xlsx","xlsx",65534,65534,131072,59,816,1,"0100770",1675468402,1675468402,1675468538,-1,0
7980498947,7987180733,1,"/home/dsimsb/groups/RDNFTS/murrahe test/Records for UID.docx","docx",65534,65534,67033,59,480,1,"0100770",1668178097,1668178097,1675468716,-1,0
7984413176,7987180733,1,"/home/dsimsb/groups/RDNFTS/murrahe test/LeifsTest.xlsx","xlsx",65534,65534,131072,59,816,1,"0100770",1675466921,1675466921,1675467022,-1,0
7993627770,7987180733,1,"/home/dsimsb/groups/RDNFTS/murrahe test/~$LeifsTest4.xlsx","xlsx",65534,65534,165,59,48,1,"0100770",1675467677,1675467677,1675467677,-1,0
7982536187,7987180733,1,"/home/dsimsb/groups/RDNFTS/murrahe test/LeifsTest_test t.xlsx","xlsx",65534,65534,131072,59,816,1,"0100770",1675466921,1675466921,1675467488,-1,0
7988390233,7987180733,1,"/home/dsimsb/groups/RDNFTS/murrahe test/LeifsTest3.xlsx","xlsx",65534,65534,8738,59,144,1,"0100770",1675467157,1675467157,1675467165,-1,0
7979568294,7987180733,1,"/home/dsimsb/groups/RDNFTS/murrahe test/~$LeifsTest.xlsx","xlsx",65534,65534,165,59,48,1,"0100770",1675467927,1675467927,1675467927,-1,0
7978466379,7987180733,1,"/home/dsimsb/groups/RDNFTS/murrahe test/LeifsTest6.xlsx","xlsx",65534,65534,8731,59,144,1,"0100770",1675468726,1675468726,1675468727,-1,0
8001248007,7987180733,1,"/home/dsimsb/groups/RDNFTS/murrahe test/test01.xlsx","xlsx",65534,65534,131072,59,816,1,"0100770",1675978087,1675978087,1675978141,-1,0
6441313874,6441313873,3,"/home/dsimsb/groups/RDNFTS/Office/Office 2016 Professional/proplus.ww/pkeyconfig-office.xrm-ms","xrm-ms",65534,65534,590523,59,1728,1,"0100770",1438236015,1438236015,1610038220,-1,0
6441313877,6441313873,3,"/home/dsimsb/groups/RDNFTS/Office/Office 2016 Professional/proplus.ww/office64ww.msi","msi",65534,65534,3944448,59,8784,1,"0100770",1438366763,1438366763,1610038220,-1,0
6433650883,6441313873,3,"/home/dsimsb/groups/RDNFTS/Office/Office 2016 Professional/proplus.ww/osetup.dll","dll",65534,65534,9833128,59,21920,1,"0100770",1438350040,1438350040,1610038220,-1,0
6441313882,6441313873,3,"/home/dsimsb/groups/RDNFTS/Office/Office 2016 Professional/proplus.ww/office64ww.xml","xml",65534,65534,4992,59,96,1,"0100770",1438363605,1438363605,1610038221,-1,0
6433650886,6441313873,3,"/home/dsimsb/groups/RDNFTS/Office/Office 2016 Professional/proplus.ww/propsww2.cab","cab",65534,65534,249155271,59,549872,1,"0100770",1438366846,1438366846,1610038222,-1,0
6441313885,6441313873,3,"/home/dsimsb/groups/RDNFTS/Office/Office 2016 Professional/proplus.ww/owow64ww.cab","cab",65534,65534,30592188,59,67680,1,"0100770",1438367966,1438367966,1610038222,-1,0
6441313886,6441313873,3,"/home/dsimsb/groups/RDNFTS/Office/Office 2016 Professional/proplus.ww/config.xml","xml",65534,65534,913,59,96,1,"0100770",1432792410,1432792410,1610038223,-1,0
6433650891,6441313873,3,"/home/dsimsb/groups/RDNFTS/Office/Office 2016 Professional/proplus.ww/proplusww.xml","xml",65534,65534,17108,59,192,1,"0100770",1438363199,1438363199,1610038223,-1,0
6433650894,6441313873,3,"/home/dsimsb/groups/RDNFTS/Office/Office 2016 Professional/proplus.ww/proplusww.msi","msi",65534,65534,28983296,59,64064,1,"0100770",1438366622,1438366622,1610038223,-1,0
6433650897,6441313873,3,"/home/dsimsb/groups/RDNFTS/Office/Office 2016 Professional/proplus.ww/setup.xml","xml",65534,65534,27782,59,240,1,"0100770",1438377427,1438377427,1610038224,-1,0
6433650900,6441313873,3,"/home/dsimsb/groups/RDNFTS/Office/Office 2016 Professional/proplus.ww/propsww.cab","cab",65534,65534,323578974,59,714096,1,"0100770",1438368153,1438368153,1610038225,-1,0
6433650903,6441313873,3,"/home/dsimsb/groups/RDNFTS/Office/Office 2016 Professional/proplus.ww/ose.exe","exe",65534,65534,202928,59,960,1,"0100770",1438350674,1438350674,1610038226,-1,0
6433650906,6441313873,3,"/home/dsimsb/groups/RDNFTS/Office/Office 2016 Professional/proplus.ww/pidgenx.dll","dll",65534,65534,1274456,59,3056,1,"0100770",1438228938,1438228938,1610038226,-1,0
6441313873,6433650505,2,"/home/dsimsb/groups/RDNFTS/Office/Office 2016 Professional/proplus.ww","",65534,65534,394,59,64,2,"0040770",1610038226,1610038226,1610038234,13,648206007
6433650960,6433650959,3,"/home/dsimsb/groups/RDNFTS/Office/Office 2016 Professional/publisher.en-us/publr.cab","cab",65534,65534,3561647,59,8032,1,"0100770",1438367569,1438367569,1610038232,-1,0
6433650963,6433650959,3,"/home/dsimsb/groups/RDNFTS/Office/Office 2016 Professional/publisher.en-us/publishermui.xml","xml",65534,65534,1662,59,96,1,"0100770",1438362504,1438362504,1610038232,-1,0
6433650966,6433650959,3,"/home/dsimsb/groups/RDNFTS/Office/Office 2016 Professional/publisher.en-us/publishermui.msi","msi",65534,65534,2408448,59,5776,1,"0100770",1438366618,1438366618,1610038233,-1,0
6433650969,6433650959,3,"/home/dsimsb/groups/RDNFTS/Office/Office 2016 Professional/publisher.en-us/setup.xml","xml",65534,65534,1795,59,96,1,"0100770",1438377429,1438377429,1610038233,-1,0
6433650959,6433650505,2,"/home/dsimsb/groups/RDNFTS/Office/Office 2016 Professional/publisher.en-us","",65534,65534,122,59,64,2,"0040770",1610038233,1610038233,1610038247,4,5973552
6433650519,6433650518,3,"/home/dsimsb/groups/RDNFTS/Office/Office 2016 Professional/hotfixes/windows6.1-kb2999226-x64.msu","msu",65534,65534,1026422,59,3088,1,"0100770",1437718641,1437718641,1610038182,-1,0
6441313671,6433650518,3,"/home/dsimsb/groups/RDNFTS/Office/Office 2016 Professional/hotfixes/windows8-rt-kb2999226-x86.msu","msu",65534,65534,615304,59,1776,1,"0100770",1437718641,1437718641,1610038182,-1,0
6433650522,6433650518,3,"/home/dsimsb/groups/RDNFTS/Office/Office 2016 Professional/hotfixes/windows8.1-kb2999226-x64.msu","msu",65534,65534,994589,59,2512,1,"0100770",1437718641,1437718641,1610038183,-1,0
6441313674,6433650518,3,"/home/dsimsb/groups/RDNFTS/Office/Office 2016 Professional/hotfixes/windows8-rt-kb2999226-x64.msu","msu",65534,65534,1347630,59,3200,1,"0100770",1437718641,1437718641,1610038183,-1,0
6433650525,6433650518,3,"/home/dsimsb/groups/RDNFTS/Office/Office 2016 Professional/hotfixes/windows6.1-kb2999226-x86.msu","msu",65534,65534,621986,59,1776,1,"0100770",1437718641,1437718641,1610038183,-1,0
6433650528,6433650518,3,"/home/dsimsb/groups/RDNFTS/Office/Office 2016 Professional/hotfixes/windows8.1-kb2999226-x86.msu","msu",65534,65534,595977,59,1728,1,"0100770",1437718641,1437718641,1610038183,-1,0
6433650518,6433650505,2,"/home/dsimsb/groups/RDNFTS/Office/Office 2016 Professional/hotfixes","",65534,65534,278,59,64,2,"0040770",1610038183,1610038183,1610038197,6,5201908
6441313925,6433650505,2,"/home/dsimsb/groups/RDNFTS/Office/Office 2016 Professional/updates","",65534,65534,0,59,64,2,"0040770",1554325623,1554325623,1610038234,0,0
6433650846,6441313860,3,"/home/dsimsb/groups/RDNFTS/Office/Office 2016 Professional/groove.en-us/groovemui.xml","xml",65534,65534,1126,59,96,1,"0100770",1438361872,1438361872,1610038216,-1,0
6441313863,6441313860,3,"/home/dsimsb/groups/RDNFTS/Office/Office 2016 Professional/groove.en-us/groovelr.cab","cab",65534,65534,872962,59,2272,1,"0100770",1438367496,1438367496,1610038217,-1,0
6433650849,6441313860,3,"/home/dsimsb/groups/RDNFTS/Office/Office 2016 Professional/groove.en-us/setup.xml","xml",65534,65534,1640,59,96,1,"0100770",1438377428,1438377428,1610038217,-1,0
6441313864,6441313860,3,"/home/dsimsb/groups/RDNFTS/Office/Office 2016 Professional/groove.en-us/groovemui.msi","msi",65534,65534,2379776,59,5728,1,"0100770",1438366611,1438366611,1610038217,-1,0
6441313860,6433650505,2,"/home/dsimsb/groups/RDNFTS/Office/Office 2016 Professional/groove.en-us","",65534,65534,119,59,64,2,"0040770",1610038217,1610038217,1610038232,4,3255504
6433651010,6433651009,3,"/home/dsimsb/groups/RDNFTS/Office/Office 2016 Professional/dcf.en-us/dcfmui.xml","xml",65534,65534,1215,59,96,1,"0100770",1438361800,1438361800,1610038236,-1,0
6433651013,6433651009,3,"/home/dsimsb/groups/RDNFTS/Office/Office 2016 Professional/dcf.en-us/dcfmui.msi","msi",65534,65534,2383872,59,5728,1,"0100770",1438366603,1438366603,1610038236,-1,0
6433651016,6433651009,3,"/home/dsimsb/groups/RDNFTS/Office/Office 2016 Professional/dcf.en-us/setup.xml","xml",65534,65534,1808,59,96,1,"0100770",1438377427,1438377427,1610038236,-1,0
6433651019,6433651009,3,"/home/dsimsb/groups/RDNFTS/Office/Office 2016 Professional/dcf.en-us/dcfmui.cab","cab",65534,65534,641590,59,1824,1,"0100770",1438367748,1438367748,1610038236,-1,0
6433651009,6433650505,2,"/home/dsimsb/groups/RDNFTS/Office/Office 2016 Professional/dcf.en-us","",65534,65534,111,59,64,2,"0040770",1610038236,1610038236,1610038250,4,3028485
6433650830,6433650829,3,"/home/dsimsb/groups/RDNFTS/Office/Office 2016 Professional/access.en-us/accessmuiset.msi","msi",65534,65534,1060864,59,2640,1,"0100770",1438366595,1438366595,1610038215,-1,0
6441313856,6433650829,3,"/home/dsimsb/groups/RDNFTS/Office/Office 2016 Professional/access.en-us/setup.xml","xml",65534,65534,2584,59,96,1,"0100770",1438377427,1438377427,1610038215,-1,0
6433650833,6433650829,3,"/home/dsimsb/groups/RDNFTS/Office/Office 2016 Professional/access.en-us/accessmuiset.xml","xml",65534,65534,1032,59,96,1,"0100770",1438361797,1438361797,1610038215,-1,0
6433650829,6433650505,2,"/home/dsimsb/groups/RDNFTS/Office/Office 2016 Professional/access.en-us","",65534,65534,125,59,64,3,"0040770",1610038215,1610038215,1610038229,4,1064599
6441313911,6441313910,3,"/home/dsimsb/groups/RDNFTS/Office/Office 2016 Professional/excel.en-us/excelmui.xml","xml",65534,65534,1780,59,96,1,"0100770",1438361836,1438361836,1610038230,-1,0
6441313912,6441313910,3,"/home/dsimsb/groups/RDNFTS/Office/Office 2016 Professional/excel.en-us/excelmui.msi","msi",65534,65534,2387968,59,5744,1,"0100770",1438366603,1438366603,1610038231,-1,0
6433650945,6441313910,3,"/home/dsimsb/groups/RDNFTS/Office/Office 2016 Professional/excel.en-us/setup.xml","xml",65534,65534,2482,59,96,1,"0100770",1438377427,1438377427,1610038231,-1,0
6433650948,6441313910,3,"/home/dsimsb/groups/RDNFTS/Office/Office 2016 Professional/excel.en-us/excellr.cab","cab",65534,65534,5769566,59,12864,1,"0100770",1438367748,1438367748,1610038231,-1,0
6441313910,6433650505,2,"/home/dsimsb/groups/RDNFTS/Office/Office 2016 Professional/excel.en-us","",65534,65534,116,59,64,2,"0040770",1610038231,1610038231,1610038245,4,8161796
6433650920,6433650919,3,"/home/dsimsb/groups/RDNFTS/Office/Office 2016 Professional/catalog/files.cat","cat",65534,65534,93544,59,624,1,"0100770",1438366603,1438366603,1610038227,-1,0
6433650919,6433650505,2,"/home/dsimsb/groups/RDNFTS/Office/Office 2016 Professional/catalog","",65534,65534,27,59,64,2,"0040770",1610038227,1610038227,1610038242,1,93544
6441313890,6433650923,3,"/home/dsimsb/groups/RDNFTS/Office/Office 2016 Professional/proofing.en-us/proofing.xml","xml",65534,65534,1024,59,96,1,"0100770",1438362456,1438362456,1610038227,-1,0
6433650926,6433650923,3,"/home/dsimsb/groups/RDNFTS/Office/Office 2016 Professional/proofing.en-us/proofing.msi","msi",65534,65534,1060864,59,2640,1,"0100770",1438366624,1438366624,1610038228,-1,0
6441313891,6433650923,3,"/home/dsimsb/groups/RDNFTS/Office/Office 2016 Professional/proofing.en-us/setup.xml","xml",65534,65534,6067,59,96,1,"0100770",1438377428,1438377428,1610038228,-1,0
6433650923,6433650505,2,"/home/dsimsb/groups/RDNFTS/Office/Office 2016 Professional/proofing.en-us","",65534,65534,165,59,64,5,"0040770",1610038229,1610038229,1610038242,6,1068198
6433650910,6433650909,3,"/home/dsimsb/groups/RDNFTS/Office/Office 2016 Professional/lync.en-us/lyncmui.cab","cab",65534,65534,2608606,59,6176,1,"0100770",1438368215,1438368215,1610038226,-1,0
6433650913,6433650909,3,"/home/dsimsb/groups/RDNFTS/Office/Office 2016 Professional/lync.en-us/lyncmui.xml","xml",65534,65534,1227,59,96,1,"0100770",1438361950,1438361950,1610038227,-1,0
6441313889,6433650909,3,"/home/dsimsb/groups/RDNFTS/Office/Office 2016 Professional/lync.en-us/setup.xml","xml",65534,65534,1690,59,96,1,"0100770",1438377428,1438377428,1610038227,-1,0
6433650916,6433650909,3,"/home/dsimsb/groups/RDNFTS/Office/Office 2016 Professional/lync.en-us/lyncmui.msi","msi",65534,65534,2387968,59,6384,1,"0100770",1438366610,1438366610,1610038227,-1,0
6433650909,6433650505,2,"/home/dsimsb/groups/RDNFTS/Office/Office 2016 Professional/lync.en-us","",65534,65534,114,59,64,2,"0040770",1610038227,1610038227,1610038241,4,4999491
6433650853,6433650852,3,"/home/dsimsb/groups/RDNFTS/Office/Office 2016 Professional/office.en-us/osetupui.dll","dll",65534,65534,207552,59,976,1,"0100770",1438350037,1438350037,1610038217,-1,0
6433650856,6433650852,3,"/home/dsimsb/groups/RDNFTS/Office/Office 2016 Professional/office.en-us/offsetlr.cab","cab",65534,65534,15708,59,144,1,"0100770",1438366790,1438366790,1610038217,-1,0
6433650859,6433650852,3,"/home/dsimsb/groups/RDNFTS/Office/Office 2016 Professional/office.en-us/shellui.mst","mst",65534,65534,10752,59,144,1,"0100770",1438357707,1438357707,1610038218,-1,0
6441313869,6433650852,3,"/home/dsimsb/groups/RDNFTS/Office/Office 2016 Professional/office.en-us/officemuiset.xml","xml",65534,65534,1032,59,96,1,"0100770",1438362050,1438362050,1610038218,-1,0
6433650862,6433650852,3,"/home/dsimsb/groups/RDNFTS/Office/Office 2016 Professional/office.en-us/officemui.xml","xml",65534,65534,5275,59,96,1,"0100770",1438363513,1438363513,1610038218,-1,0
6433650865,6433650852,3,"/home/dsimsb/groups/RDNFTS/Office/Office 2016 Professional/office.en-us/officemui.msi","msi",65534,65534,4038656,59,10912,1,"0100770",1438366762,1438366762,1610038218,-1,0
6433650868,6433650852,3,"/home/dsimsb/groups/RDNFTS/Office/Office 2016 Professional/office.en-us/officemuiset.msi","msi",65534,65534,1060864,59,2640,1,"0100770",1438366768,1438366768,1610038218,-1,0
6433650871,6433650852,3,"/home/dsimsb/groups/RDNFTS/Office/Office 2016 Professional/office.en-us/branding.xml","xml",65534,65534,336313,59,1232,1,"0100770",1438229218,1438229218,1610038219,-1,0
6433650874,6433650852,3,"/home/dsimsb/groups/RDNFTS/Office/Office 2016 Professional/office.en-us/officelr.cab","cab",65534,65534,11706866,59,30704,1,"0100770",1438367964,1438367964,1610038219,-1,0
6433650877,6433650852,3,"/home/dsimsb/groups/RDNFTS/Office/Office 2016 Professional/office.en-us/setup.chm","chm",65534,65534,82790,59,576,1,"0100770",1434009913,1434009913,1610038219,-1,0
6433650880,6433650852,3,"/home/dsimsb/groups/RDNFTS/Office/Office 2016 Professional/office.en-us/setup.xml","xml",65534,65534,8483,59,144,1,"0100770",1438377428,1438377428,1610038219,-1,0
6441313872,6433650852,3,"/home/dsimsb/groups/RDNFTS/Office/Office 2016 Professional/office.en-us/pss10r.chm","chm",65534,65534,14598,59,144,1,"0100770",1432792342,1432792342,1610038219,-1,0
6433650852,6433650505,2,"/home/dsimsb/groups/RDNFTS/Office/Office 2016 Professional/office.en-us","",65534,65534,361,59,64,2,"0040770",1610038219,1610038219,1610038232,12,17488889
6441313732,6433650631,4,"/home/dsimsb/groups/RDNFTS/Office/Office 2016 Professional/admin/ru-ru/access16.opal","opal",65534,65534,130816,59,816,1,"0100770",1438236823,1438236823,1610038195,-1,0
6433650634,6433650631,4,"/home/dsimsb/groups/RDNFTS/Office/Office 2016 Professional/admin/ru-ru/office16.opal","opal",65534,65534,1029102,59,2576,1,"0100770",1438236825,1438236825,1610038195,-1,0
6433650637,6433650631,4,"/home/dsimsb/groups/RDNFTS/Office/Office 2016 Professional/admin/ru-ru/pub16.opal","opal",65534,65534,58060,59,432,1,"0100770",1438236828,1438236828,1610038195,-1,0
6433650640,6433650631,4,"/home/dsimsb/groups/RDNFTS/Office/Office 2016 Professional/admin/ru-ru/proj16.opal","opal",65534,65534,232076,59,1024,1,"0100770",1438236828,1438236828,1610038196,-1,0
6433650643,6433650631,4,"/home/dsimsb/groups/RDNFTS/Office/Office 2016 Professional/admin/ru-ru/outlk16.opal","opal",65534,65534,676050,59,1888,1,"0100770",1438236828,1438236828,1610038196,-1,0
6433650646,6433650631,4,"/home/dsimsb/groups/RDNFTS/Office/Office 2016 Professional/admin/ru-ru/onent16.opal","opal",65534,65534,102778,59,672,1,"0100770",1438236825,1438236825,1610038196,-1,0
6433650649,6433650631,4,"/home/dsimsb/groups/RDNFTS/Office/Office 2016 Professional/admin/ru-ru/ppt16.opal","opal",65534,65534,207016,59,976,1,"0100770",1438236828,1438236828,1610038196,-1,0
6433650652,6433650631,4,"/home/dsimsb/groups/RDNFTS/Office/Office 2016 Professional/admin/ru-ru/excel16.opal","opal",65534,65534,260292,59,1072,1,"0100770",1438236823,1438236823,1610038196,-1,0
6433650653,6433650631,4,"/home/dsimsb/groups/RDNFTS/Office/Office 2016 Professional/admin/ru-ru/spd16.opal","opal",65534,65534,18858,59,192,1,"0100770",1438236828,1438236828,1610038197,-1,0
6441313737,6433650631,4,"/home/dsimsb/groups/RDNFTS/Office/Office 2016 Professional/admin/ru-ru/visio16.opal","opal",65534,65534,144198,59,848,1,"0100770",1438236828,1438236828,1610038197,-1,0
6441313740,6433650631,4,"/home/dsimsb/groups/RDNFTS/Office/Office 2016 Professional/admin/ru-ru/lync16.opal","opal",65534,65534,26088,59,240,1,"0100770",1438236823,1438236823,1610038197,-1,0
6433650656,6433650631,4,"/home/dsimsb/groups/RDNFTS/Office/Office 2016 Professional/admin/ru-ru/octres.dll","dll",65534,65534,429736,59,1408,1,"0100770",1438349898,1438349898,1610038197,-1,0
6441313741,6433650631,4,"/home/dsimsb/groups/RDNFTS/Office/Office 2016 Professional/admin/ru-ru/word16.opal","opal",65534,65534,329626,59,1216,1,"0100770",1438236828,1438236828,1610038197,-1,0
6433650631,6433650529,3,"/home/dsimsb/groups/RDNFTS/Office/Office 2016 Professional/admin/ru-ru","",65534,65534,381,59,64,2,"0040770",1610038197,1610038197,1610038210,13,3644696
6433650994,6433650993,3,"/home/dsimsb/groups/RDNFTS/Office/Office 2016 Professional/office64.en-us/office64muiset.msi","msi",65534,65534,1060864,59,2640,1,"0100770",1438366776,1438366776,1610038235,-1,0
6433650997,6433650993,3,"/home/dsimsb/groups/RDNFTS/Office/Office 2016 Professional/office64.en-us/owow64lr.cab","cab",65534,65534,2060457,59,4592,1,"0100770",1438367962,1438367962,1610038235,-1,0
6433651000,6433650993,3,"/home/dsimsb/groups/RDNFTS/Office/Office 2016 Professional/office64.en-us/office64mui.msi","msi",65534,65534,1224704,59,2960,1,"0100770",1438366777,1438366777,1610038235,-1,0
6433651003,6433650993,3,"/home/dsimsb/groups/RDNFTS/Office/Office 2016 Professional/office64.en-us/office64mui.xml","xml",65534,65534,1910,59,96,1,"0100770",1438361991,1438361991,1610038235,-1,0
6441313928,6433650993,3,"/home/dsimsb/groups/RDNFTS/Office/Office 2016 Professional/office64.en-us/setup.xml","xml",65534,65534,3122,59,96,1,"0100770",1438377428,1438377428,1610038235,-1,0
6433651006,6433650993,3,"/home/dsimsb/groups/RDNFTS/Office/Office 2016 Professional/office64.en-us/office64muiset.xml","xml",65534,65534,1036,59,96,1,"0100770",1438362033,1438362033,1610038236,-1,0
6433650993,6433650505,2,"/home/dsimsb/groups/RDNFTS/Office/Office 2016 Professional/office64.en-us","",65534,65534,195,59,64,2,"0040770",1610038236,1610038236,1610038249,6,4352093
6433651022,6441313929,3,"/home/dsimsb/groups/RDNFTS/Office/Office 2016 Professional/infopath.en-us/inflr.cab","cab",65534,65534,3911650,59,8720,1,"0100770",1438368214,1438368214,1610038237,-1,0
6441313930,6441313929,3,"/home/dsimsb/groups/RDNFTS/Office/Office 2016 Professional/infopath.en-us/infopathmui.xml","xml",65534,65534,1230,59,96,1,"0100770",1438361917,1438361917,1610038237,-1,0
6441313931,6441313929,3,"/home/dsimsb/groups/RDNFTS/Office/Office 2016 Professional/infopath.en-us/setup.xml","xml",65534,65534,1795,59,96,1,"0100770",1438377427,1438377427,1610038237,-1,0
6433651029,6441313929,3,"/home/dsimsb/groups/RDNFTS/Office/Office 2016 Professional/infopath.en-us/infopathmui.msi","msi",65534,65534,2383872,59,5728,1,"0100770",1438366604,1438366604,1610038237,-1,0
6441313929,6433650505,2,"/home/dsimsb/groups/RDNFTS/Office/Office 2016 Professional/infopath.en-us","",65534,65534,120,59,64,2,"0040770",1610038237,1610038237,1610038252,4,6298547
6441313916,6441313915,3,"/home/dsimsb/groups/RDNFTS/Office/Office 2016 Professional/osmux.en-us/osmuxmui.cab","cab",65534,65534,4230701,59,9504,1,"0100770",1438367682,1438367682,1610038231,-1,0
6441313917,6441313915,3,"/home/dsimsb/groups/RDNFTS/Office/Office 2016 Professional/osmux.en-us/osmuxmui.xml","xml",65534,65534,1458,59,96,1,"0100770",1438362226,1438362226,1610038232,-1,0
6433650955,6441313915,3,"/home/dsimsb/groups/RDNFTS/Office/Office 2016 Professional/osmux.en-us/osmuxmui.msi","msi",65534,65534,1060864,59,3152,1,"0100770",1438366765,1438366765,1610038232,-1,0
6433650958,6441313915,3,"/home/dsimsb/groups/RDNFTS/Office/Office 2016 Professional/osmux.en-us/setup.xml","xml",65534,65534,2454,59,96,1,"0100770",1438377428,1438377428,1610038232,-1,0
6441313915,6433650505,2,"/home/dsimsb/groups/RDNFTS/Office/Office 2016 Professional/osmux.en-us","",65534,65534,117,59,64,2,"0040770",1610038232,1610038232,1610038246,4,5295477
6433650984,6433650983,3,"/home/dsimsb/groups/RDNFTS/Office/Office 2016 Professional/outlook.en-us/outlookmui.msi","msi",65534,65534,2830336,59,6608,1,"0100770",1438366775,1438366775,1610038234,-1,0
6433650987,6433650983,3,"/home/dsimsb/groups/RDNFTS/Office/Office 2016 Professional/outlook.en-us/outlklr.cab","cab",65534,65534,4009185,59,10768,1,"0100770",1438367681,1438367681,1610038234,-1,0
6433650990,6433650983,3,"/home/dsimsb/groups/RDNFTS/Office/Office 2016 Professional/outlook.en-us/setup.xml","xml",65534,65534,3870,59,96,1,"0100770",1438377429,1438377429,1610038234,-1,0
6441313924,6433650983,3,"/home/dsimsb/groups/RDNFTS/Office/Office 2016 Professional/outlook.en-us/outlookmui.xml","xml",65534,65534,2837,59,96,1,"0100770",1438362277,1438362277,1610038234,-1,0
6433650983,6433650505,2,"/home/dsimsb/groups/RDNFTS/Office/Office 2016 Professional/outlook.en-us","",65534,65534,120,59,64,2,"0040770",1610038234,1610038234,1610038249,4,6846228
6433651059,6433651058,4,"/home/dsimsb/groups/RDNFTS/Office/Office 2019/Office/Data/v64.cab","cab",65534,65534,9791,59,144,1,"0100770",1602783234,1602783234,1610038241,-1,0
6441313952,6433651058,4,"/home/dsimsb/groups/RDNFTS/Office/Office 2019/Office/Data/v64_16.0.10367.20048.cab","cab",65534,65534,9791,59,144,1,"0100770",1602783234,1602783234,1610038241,-1,0
6433651058,6433651057,3,"/home/dsimsb/groups/RDNFTS/Office/Office 2019/Office/Data","",65534,65534,101,59,64,3,"0040770",1610038241,1610038241,1610038256,3,19769
6433650547,6433650546,4,"/home/dsimsb/groups/RDNFTS/Office/Office 2016 Professional/admin/en-us/access16.opal","opal",65534,65534,124628,59,816,1,"0100770",1438229176,1438229176,1610038186,-1,0
6441313702,6433650546,4,"/home/dsimsb/groups/RDNFTS/Office/Office 2016 Professional/admin/en-us/office16.opal","opal",65534,65534,959504,59,2960,1,"0100770",1438229178,1438229178,1610038186,-1,0
6433650550,6433650546,4,"/home/dsimsb/groups/RDNFTS/Office/Office 2016 Professional/admin/en-us/pub16.opal","opal",65534,65534,54498,59,384,1,"0100770",1438229179,1438229179,1610038187,-1,0
6433650553,6433650546,4,"/home/dsimsb/groups/RDNFTS/Office/Office 2016 Professional/admin/en-us/proj16.opal","opal",65534,65534,218778,59,992,1,"0100770",1438229179,1438229179,1610038187,-1,0
6433650556,6433650546,4,"/home/dsimsb/groups/RDNFTS/Office/Office 2016 Professional/admin/en-us/outlk16.opal","opal",65534,65534,619324,59,1776,1,"0100770",1438229179,1438229179,1610038187,-1,0
6433650559,6433650546,4,"/home/dsimsb/groups/RDNFTS/Office/Office 2016 Professional/admin/en-us/onent16.opal","opal",65534,65534,95882,59,624,1,"0100770",1438229178,1438229178,1610038187,-1,0
6433650562,6433650546,4,"/home/dsimsb/groups/RDNFTS/Office/Office 2016 Professional/admin/en-us/ppt16.opal","opal",65534,65534,195182,59,944,1,"0100770",1438229179,1438229179,1610038187,-1,0
6433650565,6433650546,4,"/home/dsimsb/groups/RDNFTS/Office/Office 2016 Professional/admin/en-us/excel16.opal","opal",65534,65534,244138,59,1040,1,"0100770",1438229177,1438229177,1610038188,-1,0
6433650568,6433650546,4,"/home/dsimsb/groups/RDNFTS/Office/Office 2016 Professional/admin/en-us/spd16.opal","opal",65534,65534,17426,59,192,1,"0100770",1438229179,1438229179,1610038188,-1,0
6441313705,6433650546,4,"/home/dsimsb/groups/RDNFTS/Office/Office 2016 Professional/admin/en-us/visio16.opal","opal",65534,65534,136500,59,832,1,"0100770",1438229180,1438229180,1610038188,-1,0
6441313708,6433650546,4,"/home/dsimsb/groups/RDNFTS/Office/Office 2016 Professional/admin/en-us/octres.dll","dll",65534,65534,418016,59,1392,1,"0100770",1438350035,1438350035,1610038188,-1,0
6441313709,6433650546,4,"/home/dsimsb/groups/RDNFTS/Office/Office 2016 Professional/admin/en-us/word16.opal","opal",65534,65534,310974,59,1168,1,"0100770",1438229180,1438229180,1610038188,-1,0
6433650546,6433650529,3,"/home/dsimsb/groups/RDNFTS/Office/Office 2016 Professional/admin/en-us","",65534,65534,352,59,64,2,"0040770",1610038188,1610038188,1610038201,12,3394850
6433650715,6433650714,4,"/home/dsimsb/groups/RDNFTS/Office/Office 2016 Professional/admin/zh-tw/access16.opal","opal",65534,65534,82232,59,576,1,"0100770",1438236826,1438236826,1610038202,-1,0
6441313771,6433650714,4,"/home/dsimsb/groups/RDNFTS/Office/Office 2016 Professional/admin/zh-tw/office16.opal","opal",65534,65534,649296,59,1840,1,"0100770",1438236829,1438236829,1610038203,-1,0
6433650718,6433650714,4,"/home/dsimsb/groups/RDNFTS/Office/Office 2016 Professional/admin/zh-tw/pub16.opal","opal",65534,65534,32730,59,240,1,"0100770",1438236830,1438236830,1610038203,-1,0
6441313774,6433650714,4,"/home/dsimsb/groups/RDNFTS/Office/Office 2016 Professional/admin/zh-tw/proj16.opal","opal",65534,65534,144720,59,848,1,"0100770",1438236830,1438236830,1610038203,-1,0
6441313777,6433650714,4,"/home/dsimsb/groups/RDNFTS/Office/Office 2016 Professional/admin/zh-tw/outlk16.opal","opal",65534,65534,370130,59,1296,1,"0100770",1438236830,1438236830,1610038203,-1,0
6433650721,6433650714,4,"/home/dsimsb/groups/RDNFTS/Office/Office 2016 Professional/admin/zh-tw/onent16.opal","opal",65534,65534,65778,59,480,1,"0100770",1438236830,1438236830,1610038203,-1,0
6433650724,6433650714,4,"/home/dsimsb/groups/RDNFTS/Office/Office 2016 Professional/admin/zh-tw/ppt16.opal","opal",65534,65534,125398,59,816,1,"0100770",1438236830,1438236830,1610038203,-1,0
6441313780,6433650714,4,"/home/dsimsb/groups/RDNFTS/Office/Office 2016 Professional/admin/zh-tw/excel16.opal","opal",65534,65534,156726,59,880,1,"0100770",1438236828,1438236828,1610038204,-1,0
6441313783,6433650714,4,"/home/dsimsb/groups/RDNFTS/Office/Office 2016 Professional/admin/zh-tw/spd16.opal","opal",65534,65534,14626,59,144,1,"0100770",1438236831,1438236831,1610038204,-1,0
6433650727,6433650714,4,"/home/dsimsb/groups/RDNFTS/Office/Office 2016 Professional/admin/zh-tw/visio16.opal","opal",65534,65534,91374,59,624,1,"0100770",1438236831,1438236831,1610038204,-1,0
6433650730,6433650714,4,"/home/dsimsb/groups/RDNFTS/Office/Office 2016 Professional/admin/zh-tw/lync16.opal","opal",65534,65534,16912,59,192,1,"0100770",1438236828,1438236828,1610038204,-1,0
6441313786,6433650714,4,"/home/dsimsb/groups/RDNFTS/Office/Office 2016 Professional/admin/zh-tw/octres.dll","dll",65534,65534,388264,59,1328,1,"0100770",1438349903,1438349903,1610038204,-1,0
6441313789,6433650714,4,"/home/dsimsb/groups/RDNFTS/Office/Office 2016 Professional/admin/zh-tw/word16.opal","opal",65534,65534,200580,59,960,1,"0100770",1438236831,1438236831,1610038205,-1,0
6433650714,6433650529,3,"/home/dsimsb/groups/RDNFTS/Office/Office 2016 Professional/admin/zh-tw","",65534,65534,381,59,64,2,"0040770",1610038204,1610038204,1610038217,13,2338766
6433650802,6433650801,4,"/home/dsimsb/groups/RDNFTS/Office/Office 2016 Professional/admin/ko-kr/access16.opal","opal",65534,65534,94366,59,624,1,"0100770",1438236816,1438236816,1610038213,-1,0
6441313844,6433650801,4,"/home/dsimsb/groups/RDNFTS/Office/Office 2016 Professional/admin/ko-kr/office16.opal","opal",65534,65534,724692,59,1984,1,"0100770",1438236818,1438236818,1610038213,-1,0
6433650805,6433650801,4,"/home/dsimsb/groups/RDNFTS/Office/Office 2016 Professional/admin/ko-kr/pub16.opal","opal",65534,65534,39000,59,288,1,"0100770",1438236819,1438236819,1610038213,-1,0
6441313847,6433650801,4,"/home/dsimsb/groups/RDNFTS/Office/Office 2016 Professional/admin/ko-kr/proj16.opal","opal",65534,65534,165022,59,896,1,"0100770",1438236819,1438236819,1610038213,-1,0
6441313850,6433650801,4,"/home/dsimsb/groups/RDNFTS/Office/Office 2016 Professional/admin/ko-kr/outlk16.opal","opal",65534,65534,433680,59,1408,1,"0100770",1438236819,1438236819,1610038213,-1,0
6433650808,6433650801,4,"/home/dsimsb/groups/RDNFTS/Office/Office 2016 Professional/admin/ko-kr/onent16.opal","opal",65534,65534,73376,59,480,1,"0100770",1438236818,1438236818,1610038213,-1,0
6433650811,6433650801,4,"/home/dsimsb/groups/RDNFTS/Office/Office 2016 Professional/admin/ko-kr/ppt16.opal","opal",65534,65534,144202,59,848,1,"0100770",1438236819,1438236819,1610038214,-1,0
6433650814,6433650801,4,"/home/dsimsb/groups/RDNFTS/Office/Office 2016 Professional/admin/ko-kr/excel16.opal","opal",65534,65534,179924,59,912,1,"0100770",1438236817,1438236817,1610038214,-1,0
6433650817,6433650801,4,"/home/dsimsb/groups/RDNFTS/Office/Office 2016 Professional/admin/ko-kr/spd16.opal","opal",65534,65534,15376,59,144,1,"0100770",1438236819,1438236819,1610038214,-1,0
6433650820,6433650801,4,"/home/dsimsb/groups/RDNFTS/Office/Office 2016 Professional/admin/ko-kr/visio16.opal","opal",65534,65534,103566,59,672,1,"0100770",1438236819,1438236819,1610038214,-1,0
6441313853,6433650801,4,"/home/dsimsb/groups/RDNFTS/Office/Office 2016 Professional/admin/ko-kr/lync16.opal","opal",65534,65534,18912,59,192,1,"0100770",1438236817,1438236817,1610038214,-1,0
6433650823,6433650801,4,"/home/dsimsb/groups/RDNFTS/Office/Office 2016 Professional/admin/ko-kr/octres.dll","dll",65534,65534,397024,59,1344,1,"0100770",1438349915,1438349915,1610038215,-1,0
6433650826,6433650801,4,"/home/dsimsb/groups/RDNFTS/Office/Office 2016 Professional/admin/ko-kr/word16.opal","opal",65534,65534,228386,59,1008,1,"0100770",1438236820,1438236820,1610038215,-1,0
6433650801,6433650529,3,"/home/dsimsb/groups/RDNFTS/Office/Office 2016 Professional/admin/ko-kr","",65534,65534,381,59,64,2,"0040770",1610038215,1610038215,1610038227,13,2617526
6433650574,6433650573,4,"/home/dsimsb/groups/RDNFTS/Office/Office 2016 Professional/admin/pt-br/access16.opal","opal",65534,65534,137136,59,832,1,"0100770",1438236819,1438236819,1610038189,-1,0
6433650577,6433650573,4,"/home/dsimsb/groups/RDNFTS/Office/Office 2016 Professional/admin/pt-br/office16.opal","opal",65534,65534,1044744,59,2608,1,"0100770",1438236820,1438236820,1610038189,-1,0
6433650580,6433650573,4,"/home/dsimsb/groups/RDNFTS/Office/Office 2016 Professional/admin/pt-br/pub16.opal","opal",65534,65534,61520,59,432,1,"0100770",1438236821,1438236821,1610038189,-1,0
6441313712,6433650573,4,"/home/dsimsb/groups/RDNFTS/Office/Office 2016 Professional/admin/pt-br/proj16.opal","opal",65534,65534,237480,59,1024,1,"0100770",1438236821,1438236821,1610038189,-1,0
6441313715,6433650573,4,"/home/dsimsb/groups/RDNFTS/Office/Office 2016 Professional/admin/pt-br/outlk16.opal","opal",65534,65534,691888,59,1920,1,"0100770",1438236821,1438236821,1610038190,-1,0
6433650583,6433650573,4,"/home/dsimsb/groups/RDNFTS/Office/Office 2016 Professional/admin/pt-br/onent16.opal","opal",65534,65534,104078,59,672,1,"0100770",1438236820,1438236820,1610038190,-1,0
6433650584,6433650573,4,"/home/dsimsb/groups/RDNFTS/Office/Office 2016 Professional/admin/pt-br/ppt16.opal","opal",65534,65534,217106,59,992,1,"0100770",1438236821,1438236821,1610038190,-1,0
6441313720,6433650573,4,"/home/dsimsb/groups/RDNFTS/Office/Office 2016 Professional/admin/pt-br/excel16.opal","opal",65534,65534,273728,59,1104,1,"0100770",1438236819,1438236819,1610038191,-1,0
6441313723,6433650573,4,"/home/dsimsb/groups/RDNFTS/Office/Office 2016 Professional/admin/pt-br/spd16.opal","opal",65534,65534,18748,59,192,1,"0100770",1438236821,1438236821,1610038191,-1,0
6433650587,6433650573,4,"/home/dsimsb/groups/RDNFTS/Office/Office 2016 Professional/admin/pt-br/visio16.opal","opal",65534,65534,148532,59,864,1,"0100770",1438236821,1438236821,1610038191,-1,0
6441313726,6433650573,4,"/home/dsimsb/groups/RDNFTS/Office/Office 2016 Professional/admin/pt-br/lync16.opal","opal",65534,65534,27288,59,240,1,"0100770",1438236819,1438236819,1610038191,-1,0
6433650590,6433650573,4,"/home/dsimsb/groups/RDNFTS/Office/Office 2016 Professional/admin/pt-br/octres.dll","dll",65534,65534,431872,59,1408,1,"0100770",1438349895,1438349895,1610038191,-1,0
6433650593,6433650573,4,"/home/dsimsb/groups/RDNFTS/Office/Office 2016 Professional/admin/pt-br/word16.opal","opal",65534,65534,345270,59,1248,1,"0100770",1438236822,1438236822,1610038191,-1,0
6433650573,6433650529,3,"/home/dsimsb/groups/RDNFTS/Office/Office 2016 Professional/admin/pt-br","",65534,65534,381,59,64,2,"0040770",1610038191,1610038191,1610038203,13,3739390
6433650687,6433650686,4,"/home/dsimsb/groups/RDNFTS/Office/Office 2016 Professional/admin/ja-jp/access16.opal","opal",65534,65534,94682,59,624,1,"0100770",1438236815,1438236815,1610038200,-1,0
6433650690,6433650686,4,"/home/dsimsb/groups/RDNFTS/Office/Office 2016 Professional/admin/ja-jp/office16.opal","opal",65534,65534,747126,59,2032,1,"0100770",1438236817,1438236817,1610038200,-1,0
6433650693,6433650686,4,"/home/dsimsb/groups/RDNFTS/Office/Office 2016 Professional/admin/ja-jp/pub16.opal","opal",65534,65534,38518,59,288,1,"0100770",1438236818,1438236818,1610038200,-1,0
6441313757,6433650686,4,"/home/dsimsb/groups/RDNFTS/Office/Office 2016 Professional/admin/ja-jp/proj16.opal","opal",65534,65534,163690,59,880,1,"0100770",1438236818,1438236818,1610038200,-1,0
6441313760,6433650686,4,"/home/dsimsb/groups/RDNFTS/Office/Office 2016 Professional/admin/ja-jp/outlk16.opal","opal",65534,65534,442298,59,1424,1,"0100770",1438236817,1438236817,1610038201,-1,0
6433650698,6433650686,4,"/home/dsimsb/groups/RDNFTS/Office/Office 2016 Professional/admin/ja-jp/onent16.opal","opal",65534,65534,73980,59,528,1,"0100770",1438236817,1438236817,1610038201,-1,0
6433650701,6433650686,4,"/home/dsimsb/groups/RDNFTS/Office/Office 2016 Professional/admin/ja-jp/ppt16.opal","opal",65534,65534,146586,59,848,1,"0100770",1438236817,1438236817,1610038201,-1,0
6433650704,6433650686,4,"/home/dsimsb/groups/RDNFTS/Office/Office 2016 Professional/admin/ja-jp/excel16.opal","opal",65534,65534,182448,59,928,1,"0100770",1438236815,1438236815,1610038201,-1,0
6433650707,6433650686,4,"/home/dsimsb/groups/RDNFTS/Office/Office 2016 Professional/admin/ja-jp/spd16.opal","opal",65534,65534,15766,59,144,1,"0100770",1438236818,1438236818,1610038201,-1,0
6441313763,6433650686,4,"/home/dsimsb/groups/RDNFTS/Office/Office 2016 Professional/admin/ja-jp/visio16.opal","opal",65534,65534,104190,59,672,1,"0100770",1438236818,1438236818,1610038202,-1,0
6433650710,6433650686,4,"/home/dsimsb/groups/RDNFTS/Office/Office 2016 Professional/admin/ja-jp/lync16.opal","opal",65534,65534,18926,59,192,1,"0100770",1438236815,1438236815,1610038202,-1,0
6433650713,6433650686,4,"/home/dsimsb/groups/RDNFTS/Office/Office 2016 Professional/admin/ja-jp/octres.dll","dll",65534,65534,399528,59,1344,1,"0100770",1438349900,1438349900,1610038202,-1,0
6441313766,6433650686,4,"/home/dsimsb/groups/RDNFTS/Office/Office 2016 Professional/admin/ja-jp/word16.opal","opal",65534,65534,231922,59,1024,1,"0100770",1438236818,1438236818,1610038202,-1,0
6433650686,6433650529,3,"/home/dsimsb/groups/RDNFTS/Office/Office 2016 Professional/admin/ja-jp","",65534,65534,381,59,64,2,"0040770",1610038202,1610038202,1610038215,13,2659660
6433650732,6433650731,4,"/home/dsimsb/groups/RDNFTS/Office/Office 2016 Professional/admin/fr-fr/access16.opal","opal",65534,65534,140902,59,848,1,"0100770",1438236825,1438236825,1610038205,-1,0
6433650735,6433650731,4,"/home/dsimsb/groups/RDNFTS/Office/Office 2016 Professional/admin/fr-fr/office16.opal","opal",65534,65534,1080076,59,2672,1,"0100770",1438236829,1438236829,1610038205,-1,0
6433650738,6433650731,4,"/home/dsimsb/groups/RDNFTS/Office/Office 2016 Professional/admin/fr-fr/pub16.opal","opal",65534,65534,62908,59,432,1,"0100770",1438236831,1438236831,1610038205,-1,0
6441313794,6433650731,4,"/home/dsimsb/groups/RDNFTS/Office/Office 2016 Professional/admin/fr-fr/proj16.opal","opal",65534,65534,241096,59,1040,1,"0100770",1438236831,1438236831,1610038205,-1,0
6441313797,6433650731,4,"/home/dsimsb/groups/RDNFTS/Office/Office 2016 Professional/admin/fr-fr/outlk16.opal","opal",65534,65534,719276,59,1968,1,"0100770",1438236830,1438236830,1610038206,-1,0
6433650741,6433650731,4,"/home/dsimsb/groups/RDNFTS/Office/Office 2016 Professional/admin/fr-fr/onent16.opal","opal",65534,65534,107738,59,720,1,"0100770",1438236830,1438236830,1610038206,-1,0
6441313800,6433650731,4,"/home/dsimsb/groups/RDNFTS/Office/Office 2016 Professional/admin/fr-fr/ppt16.opal","opal",65534,65534,224720,59,1008,1,"0100770",1438236830,1438236830,1610038206,-1,0
6441313803,6433650731,4,"/home/dsimsb/groups/RDNFTS/Office/Office 2016 Professional/admin/fr-fr/excel16.opal","opal",65534,65534,281710,59,1120,1,"0100770",1438236828,1438236828,1610038206,-1,0
6433650744,6433650731,4,"/home/dsimsb/groups/RDNFTS/Office/Office 2016 Professional/admin/fr-fr/spd16.opal","opal",65534,65534,19016,59,192,1,"0100770",1438236831,1438236831,1610038206,-1,0
6441313806,6433650731,4,"/home/dsimsb/groups/RDNFTS/Office/Office 2016 Professional/admin/fr-fr/visio16.opal","opal",65534,65534,154270,59,864,1,"0100770",1438236831,1438236831,1610038206,-1,0
6441313809,6433650731,4,"/home/dsimsb/groups/RDNFTS/Office/Office 2016 Professional/admin/fr-fr/lync16.opal","opal",65534,65534,28280,59,240,1,"0100770",1438236828,1438236828,1610038207,-1,0
6433650747,6433650731,4,"/home/dsimsb/groups/RDNFTS/Office/Office 2016 Professional/admin/fr-fr/octres.dll","dll",65534,65534,439544,59,1424,1,"0100770",1438349904,1438349904,1610038207,-1,0
6433650750,6433650731,4,"/home/dsimsb/groups/RDNFTS/Office/Office 2016 Professional/admin/fr-fr/word16.opal","opal",65534,65534,354680,59,1264,1,"0100770",1438236831,1438236831,1610038207,-1,0
6433650731,6433650529,3,"/home/dsimsb/groups/RDNFTS/Office/Office 2016 Professional/admin/fr-fr","",65534,65534,381,59,64,2,"0040770",1610038207,1610038207,1610038220,13,3854216
6433650754,6433650753,4,"/home/dsimsb/groups/RDNFTS/Office/Office 2016 Professional/admin/it-it/access16.opal","opal",65534,65534,139990,59,848,1,"0100770",1438236822,1438236822,1610038207,-1,0
6441313812,6433650753,4,"/home/dsimsb/groups/RDNFTS/Office/Office 2016 Professional/admin/it-it/office16.opal","opal",65534,65534,1078834,59,2672,1,"0100770",1438236824,1438236824,1610038207,-1,0
6433650755,6433650753,4,"/home/dsimsb/groups/RDNFTS/Office/Office 2016 Professional/admin/it-it/pub16.opal","opal",65534,65534,64238,59,432,1,"0100770",1438236825,1438236825,1610038208,-1,0
6441313817,6433650753,4,"/home/dsimsb/groups/RDNFTS/Office/Office 2016 Professional/admin/it-it/proj16.opal","opal",65534,65534,245798,59,1056,1,"0100770",1438236825,1438236825,1610038208,-1,0
6441313820,6433650753,4,"/home/dsimsb/groups/RDNFTS/Office/Office 2016 Professional/admin/it-it/outlk16.opal","opal",65534,65534,723264,59,1984,1,"0100770",1438236824,1438236824,1610038208,-1,0
6433650758,6433650753,4,"/home/dsimsb/groups/RDNFTS/Office/Office 2016 Professional/admin/it-it/onent16.opal","opal",65534,65534,110042,59,720,1,"0100770",1438236824,1438236824,1610038208,-1,0
6441313823,6433650753,4,"/home/dsimsb/groups/RDNFTS/Office/Office 2016 Professional/admin/it-it/ppt16.opal","opal",65534,65534,224438,59,1008,1,"0100770",1438236824,1438236824,1610038208,-1,0
6441313826,6433650753,4,"/home/dsimsb/groups/RDNFTS/Office/Office 2016 Professional/admin/it-it/excel16.opal","opal",65534,65534,282812,59,1120,1,"0100770",1438236822,1438236822,1610038209,-1,0
6433650761,6433650753,4,"/home/dsimsb/groups/RDNFTS/Office/Office 2016 Professional/admin/it-it/spd16.opal","opal",65534,65534,18990,59,192,1,"0100770",1438236825,1438236825,1610038209,-1,0
6441313829,6433650753,4,"/home/dsimsb/groups/RDNFTS/Office/Office 2016 Professional/admin/it-it/visio16.opal","opal",65534,65534,154390,59,864,1,"0100770",1438236825,1438236825,1610038209,-1,0
6441313832,6433650753,4,"/home/dsimsb/groups/RDNFTS/Office/Office 2016 Professional/admin/it-it/lync16.opal","opal",65534,65534,27442,59,240,1,"0100770",1438236822,1438236822,1610038209,-1,0
6433650764,6433650753,4,"/home/dsimsb/groups/RDNFTS/Office/Office 2016 Professional/admin/it-it/octres.dll","dll",65534,65534,434952,59,1424,1,"0100770",1438349906,1438349906,1610038209,-1,0
6441313833,6433650753,4,"/home/dsimsb/groups/RDNFTS/Office/Office 2016 Professional/admin/it-it/word16.opal","opal",65534,65534,354700,59,1264,1,"0100770",1438236826,1438236826,1610038210,-1,0
6433650753,6433650529,3,"/home/dsimsb/groups/RDNFTS/Office/Office 2016 Professional/admin/it-it","",65534,65534,381,59,64,2,"0040770",1610038210,1610038210,1610038222,13,3859890
6433650770,6433650769,4,"/home/dsimsb/groups/RDNFTS/Office/Office 2016 Professional/admin/zh-cn/access16.opal","opal",65534,65534,81294,59,528,1,"0100770",1438236821,1438236821,1610038210,-1,0
6433650773,6433650769,4,"/home/dsimsb/groups/RDNFTS/Office/Office 2016 Professional/admin/zh-cn/office16.opal","opal",65534,65534,641302,59,1824,1,"0100770",1438236823,1438236823,1610038210,-1,0
6433650776,6433650769,4,"/home/dsimsb/groups/RDNFTS/Office/Office 2016 Professional/admin/zh-cn/pub16.opal","opal",65534,65534,31842,59,240,1,"0100770",1438236824,1438236824,1610038210,-1,0
6433650779,6433650769,4,"/home/dsimsb/groups/RDNFTS/Office/Office 2016 Professional/admin/zh-cn/proj16.opal","opal",65534,65534,142864,59,848,1,"0100770",1438236824,1438236824,1610038210,-1,0
6433650782,6433650769,4,"/home/dsimsb/groups/RDNFTS/Office/Office 2016 Professional/admin/zh-cn/outlk16.opal","opal",65534,65534,364472,59,1280,1,"0100770",1438236823,1438236823,1610038211,-1,0
6433650785,6433650769,4,"/home/dsimsb/groups/RDNFTS/Office/Office 2016 Professional/admin/zh-cn/onent16.opal","opal",65534,65534,65258,59,432,1,"0100770",1438236823,1438236823,1610038211,-1,0
6433650788,6433650769,4,"/home/dsimsb/groups/RDNFTS/Office/Office 2016 Professional/admin/zh-cn/ppt16.opal","opal",65534,65534,123696,59,816,1,"0100770",1438236823,1438236823,1610038211,-1,0
6441313836,6433650769,4,"/home/dsimsb/groups/RDNFTS/Office/Office 2016 Professional/admin/zh-cn/excel16.opal","opal",65534,65534,154096,59,864,1,"0100770",1438236821,1438236821,1610038211,-1,0
6433650791,6433650769,4,"/home/dsimsb/groups/RDNFTS/Office/Office 2016 Professional/admin/zh-cn/spd16.opal","opal",65534,65534,14358,59,144,1,"0100770",1438236824,1438236824,1610038211,-1,0
6433650794,6433650769,4,"/home/dsimsb/groups/RDNFTS/Office/Office 2016 Professional/admin/zh-cn/visio16.opal","opal",65534,65534,90172,59,624,1,"0100770",1438236824,1438236824,1610038212,-1,0
6441313839,6433650769,4,"/home/dsimsb/groups/RDNFTS/Office/Office 2016 Professional/admin/zh-cn/lync16.opal","opal",65534,65534,16660,59,192,1,"0100770",1438236821,1438236821,1610038212,-1,0
6433650797,6433650769,4,"/home/dsimsb/groups/RDNFTS/Office/Office 2016 Professional/admin/zh-cn/octres.dll","dll",65534,65534,387752,59,1328,1,"0100770",1438349912,1438349912,1610038212,-1,0
6433650800,6433650769,4,"/home/dsimsb/groups/RDNFTS/Office/Office 2016 Professional/admin/zh-cn/word16.opal","opal",65534,65534,197398,59,960,1,"0100770",1438236824,1438236824,1610038212,-1,0
6433650769,6433650529,3,"/home/dsimsb/groups/RDNFTS/Office/Office 2016 Professional/admin/zh-cn","",65534,65534,381,59,64,2,"0040770",1610038212,1610038212,1610038224,13,2311164
6433650662,6433650661,4,"/home/dsimsb/groups/RDNFTS/Office/Office 2016 Professional/admin/de-de/access16.opal","opal",65534,65534,143930,59,848,1,"0100770",1438236815,1438236815,1610038197,-1,0
6433650665,6433650661,4,"/home/dsimsb/groups/RDNFTS/Office/Office 2016 Professional/admin/de-de/office16.opal","opal",65534,65534,1089404,59,2688,1,"0100770",1438236817,1438236817,1610038198,-1,0
6433650668,6433650661,4,"/home/dsimsb/groups/RDNFTS/Office/Office 2016 Professional/admin/de-de/pub16.opal","opal",65534,65534,65550,59,480,1,"0100770",1438236818,1438236818,1610038198,-1,0
6433650669,6433650661,4,"/home/dsimsb/groups/RDNFTS/Office/Office 2016 Professional/admin/de-de/proj16.opal","opal",65534,65534,247444,59,1056,1,"0100770",1438236818,1438236818,1610038198,-1,0
6433650672,6433650661,4,"/home/dsimsb/groups/RDNFTS/Office/Office 2016 Professional/admin/de-de/outlk16.opal","opal",65534,65534,716550,59,1968,1,"0100770",1438236818,1438236818,1610038198,-1,0
6441313746,6433650661,4,"/home/dsimsb/groups/RDNFTS/Office/Office 2016 Professional/admin/de-de/onent16.opal","opal",65534,65534,108598,59,720,1,"0100770",1438236817,1438236817,1610038198,-1,0
6433650675,6433650661,4,"/home/dsimsb/groups/RDNFTS/Office/Office 2016 Professional/admin/de-de/ppt16.opal","opal",65534,65534,227732,59,1008,1,"0100770",1438236818,1438236818,1610038199,-1,0
6441313749,6433650661,4,"/home/dsimsb/groups/RDNFTS/Office/Office 2016 Professional/admin/de-de/excel16.opal","opal",65534,65534,285482,59,1120,1,"0100770",1438236815,1438236815,1610038199,-1,0
6433650678,6433650661,4,"/home/dsimsb/groups/RDNFTS/Office/Office 2016 Professional/admin/de-de/spd16.opal","opal",65534,65534,19104,59,192,1,"0100770",1438236818,1438236818,1610038199,-1,0
6441313752,6433650661,4,"/home/dsimsb/groups/RDNFTS/Office/Office 2016 Professional/admin/de-de/visio16.opal","opal",65534,65534,156962,59,880,1,"0100770",1438236818,1438236818,1610038199,-1,0
6441313755,6433650661,4,"/home/dsimsb/groups/RDNFTS/Office/Office 2016 Professional/admin/de-de/lync16.opal","opal",65534,65534,28138,59,240,1,"0100770",1438236815,1438236815,1610038199,-1,0
6433650681,6433650661,4,"/home/dsimsb/groups/RDNFTS/Office/Office 2016 Professional/admin/de-de/octres.dll","dll",65534,65534,436968,59,1424,1,"0100770",1438349905,1438349905,1610038199,-1,0
6441313756,6433650661,4,"/home/dsimsb/groups/RDNFTS/Office/Office 2016 Professional/admin/de-de/word16.opal","opal",65534,65534,360292,59,1264,1,"0100770",1438236818,1438236818,1610038200,-1,0
6433650661,6433650529,3,"/home/dsimsb/groups/RDNFTS/Office/Office 2016 Professional/admin/de-de","",65534,65534,381,59,64,2,"0040770",1610038200,1610038200,1610038213,13,3886154
5884354235,5855376486,1,"/home/dsimsb/groups/RDNFTS/File Dump/1gb.txt","txt",65534,65534,1024000000,59,2256800,1,"0100770",1585845745,1585845745,1585925714,-1,0
6420570249,5855376486,1,"/home/dsimsb/groups/RDNFTS/File Dump/1gb - Copy - Copy.txt","txt",65534,65534,1024000000,59,2257040,1,"0100770",1585845745,1585845745,1607117296,-1,0
5891271217,5855376486,1,"/home/dsimsb/groups/RDNFTS/File Dump/File Dumpcitrix.7z","7z",65534,65534,1496856,59,3488,1,"0100770",1586534451,1586534451,1586534451,-1,0
5889155338,5855376486,1,"/home/dsimsb/groups/RDNFTS/File Dump/File Dump.7z","7z",65534,65534,1496856,59,3488,1,"0100770",1586534145,1586534145,1586534146,-1,0
6416975742,5855376486,1,"/home/dsimsb/groups/RDNFTS/File Dump/1gb - Copy (2).txt","txt",65534,65534,1024000000,59,2257328,1,"0100770",1585845745,1585845745,1607117293,-1,0
6416975741,5855376486,1,"/home/dsimsb/groups/RDNFTS/File Dump/1gb - Copy.txt","txt",65534,65534,1024000000,59,2258480,1,"0100770",1585845745,1585845745,1607117281,-1,0
5855376486,5860889729,0,"/home/dsimsb/groups/RDNFTS/File Dump","",0,10,198,59,64,2,"0040770",1607117293,1607117293,1607117293,6,4098993712
6433650597,6433650596,4,"/home/dsimsb/groups/RDNFTS/Office/Office 2016 Professional/admin/es-es/access16.opal","opal",65534,65534,141122,59,848,1,"0100770",1438236811,1438236811,1610038192,-1,0
6433650600,6433650596,4,"/home/dsimsb/groups/RDNFTS/Office/Office 2016 Professional/admin/es-es/office16.opal","opal",65534,65534,1069590,59,3168,1,"0100770",1438236813,1438236813,1610038192,-1,0
6433650603,6433650596,4,"/home/dsimsb/groups/RDNFTS/Office/Office 2016 Professional/admin/es-es/pub16.opal","opal",65534,65534,62490,59,432,1,"0100770",1438236814,1438236814,1610038192,-1,0
6433650606,6433650596,4,"/home/dsimsb/groups/RDNFTS/Office/Office 2016 Professional/admin/es-es/proj16.opal","opal",65534,65534,239906,59,1040,1,"0100770",1438236814,1438236814,1610038192,-1,0
6433650609,6433650596,4,"/home/dsimsb/groups/RDNFTS/Office/Office 2016 Professional/admin/es-es/outlk16.opal","opal",65534,65534,713382,59,1968,1,"0100770",1438236813,1438236813,1610038193,-1,0
6433650612,6433650596,4,"/home/dsimsb/groups/RDNFTS/Office/Office 2016 Professional/admin/es-es/onent16.opal","opal",65534,65534,107768,59,720,1,"0100770",1438236813,1438236813,1610038193,-1,0
6433650615,6433650596,4,"/home/dsimsb/groups/RDNFTS/Office/Office 2016 Professional/admin/es-es/ppt16.opal","opal",65534,65534,217624,59,992,1,"0100770",1438236814,1438236814,1610038193,-1,0
6433650618,6433650596,4,"/home/dsimsb/groups/RDNFTS/Office/Office 2016 Professional/admin/es-es/excel16.opal","opal",65534,65534,278340,59,1104,1,"0100770",1438236811,1438236811,1610038194,-1,0
6433650621,6433650596,4,"/home/dsimsb/groups/RDNFTS/Office/Office 2016 Professional/admin/es-es/spd16.opal","opal",65534,65534,19410,59,192,1,"0100770",1438236814,1438236814,1610038194,-1,0
6433650624,6433650596,4,"/home/dsimsb/groups/RDNFTS/Office/Office 2016 Professional/admin/es-es/visio16.opal","opal",65534,65534,151386,59,864,1,"0100770",1438236814,1438236814,1610038194,-1,0
6433650627,6433650596,4,"/home/dsimsb/groups/RDNFTS/Office/Office 2016 Professional/admin/es-es/lync16.opal","opal",65534,65534,27870,59,240,1,"0100770",1438236811,1438236811,1610038194,-1,0
6441313729,6433650596,4,"/home/dsimsb/groups/RDNFTS/Office/Office 2016 Professional/admin/es-es/octres.dll","dll",65534,65534,438024,59,1424,1,"0100770",1438349924,1438349924,1610038195,-1,0
6433650630,6433650596,4,"/home/dsimsb/groups/RDNFTS/Office/Office 2016 Professional/admin/es-es/word16.opal","opal",65534,65534,339632,59,1232,1,"0100770",1438236814,1438236814,1610038195,-1,0
6433650596,6433650529,3,"/home/dsimsb/groups/RDNFTS/Office/Office 2016 Professional/admin/es-es","",65534,65534,381,59,64,2,"0040770",1610038195,1610038195,1610038206,13,3806544
6441313903,6441313902,4,"/home/dsimsb/groups/RDNFTS/Office/Office 2016 Professional/proofing.en-us/proof.fr/proof.cab","cab",65534,65534,13854357,59,30800,1,"0100770",1438366627,1438366627,1610038230,-1,0
6441313906,6441313902,4,"/home/dsimsb/groups/RDNFTS/Office/Office 2016 Professional/proofing.en-us/proof.fr/proof.msi","msi",65534,65534,2109440,59,4752,1,"0100770",1438367328,1438367328,1610038230,-1,0
6441313909,6441313902,4,"/home/dsimsb/groups/RDNFTS/Office/Office 2016 Professional/proofing.en-us/proof.fr/proof.xml","xml",65534,65534,1665,59,96,1,"0100770",1438363153,1438363153,1610038230,-1,0
6441313902,6433650923,3,"/home/dsimsb/groups/RDNFTS/Office/Office 2016 Professional/proofing.en-us/proof.fr","",65534,65534,81,59,64,2,"0040770",1610038230,1610038230,1610038244,3,15965462
6441313893,6441313892,4,"/home/dsimsb/groups/RDNFTS/Office/Office 2016 Professional/proofing.en-us/proof.en/proof.cab","cab",65534,65534,11658047,59,26000,1,"0100770",1438366627,1438366627,1610038228,-1,0
6433650933,6441313892,4,"/home/dsimsb/groups/RDNFTS/Office/Office 2016 Professional/proofing.en-us/proof.en/proof.msi","msi",65534,65534,2101248,59,4704,1,"0100770",1438367323,1438367323,1610038228,-1,0
6433650934,6441313892,4,"/home/dsimsb/groups/RDNFTS/Office/Office 2016 Professional/proofing.en-us/proof.en/proof.xml","xml",65534,65534,1555,59,96,1,"0100770",1438363121,1438363121,1610038229,-1,0
6441313892,6433650923,3,"/home/dsimsb/groups/RDNFTS/Office/Office 2016 Professional/proofing.en-us/proof.en","",65534,65534,81,59,64,2,"0040770",1610038229,1610038229,1610038242,3,13760850
6433651061,6433651060,5,"/home/dsimsb/groups/RDNFTS/Office/Office 2019/Office/Data/16.0.10367.20048/i640.cab","cab",65534,65534,26450903,59,58608,1,"0100770",1601915040,1601915040,1610038241,-1,0
6441313953,6433651060,5,"/home/dsimsb/groups/RDNFTS/Office/Office 2019/Office/Data/16.0.10367.20048/s640.cab","cab",65534,65534,2954864,59,6848,1,"0100770",1601915036,1601915036,1610038241,-1,0
6441313954,6433651060,5,"/home/dsimsb/groups/RDNFTS/Office/Office 2019/Office/Data/16.0.10367.20048/i641033.cab","cab",65534,65534,64645,59,432,1,"0100770",1601916587,1601916587,1610038242,-1,0
6441313955,6433651060,5,"/home/dsimsb/groups/RDNFTS/Office/Office 2019/Office/Data/16.0.10367.20048/stream.x64.x-none.dat","dat",65534,65534,1742657068,59,3845808,1,"0100770",1601914242,1601914242,1610038248,-1,0
6433651062,6433651060,5,"/home/dsimsb/groups/RDNFTS/Office/Office 2019/Office/Data/16.0.10367.20048/s641033.cab","cab",65534,65534,630381,59,1792,1,"0100770",1601915236,1601915236,1610038249,-1,0
6433651063,6433651060,5,"/home/dsimsb/groups/RDNFTS/Office/Office 2019/Office/Data/16.0.10367.20048/stream.x64.en-us.dat","dat",65534,65534,252378021,59,557232,1,"0100770",1601914222,1601914222,1610038251,-1,0
6433651060,6433651058,4,"/home/dsimsb/groups/RDNFTS/Office/Office 2019/Office/Data/16.0.10367.20048","",65534,65534,187,59,64,2,"0040770",1610038249,1610038249,1610038256,6,2025135882
6433650837,6433650836,4,"/home/dsimsb/groups/RDNFTS/Office/Office 2016 Professional/access.en-us/access.en-us/acclr.cab","cab",65534,65534,5398062,59,12128,1,"0100770",1438372032,1438372032,1610038216,-1,0
6433650840,6433650836,4,"/home/dsimsb/groups/RDNFTS/Office/Office 2016 Professional/access.en-us/access.en-us/accessmui.msi","msi",65534,65534,2396160,59,6432,1,"0100770",1438366608,1438366608,1610038216,-1,0
6433650843,6433650836,4,"/home/dsimsb/groups/RDNFTS/Office/Office 2016 Professional/access.en-us/access.en-us/branding.xml","xml",65534,65534,336313,59,1232,1,"0100770",1438229218,1438229218,1610038216,-1,0
6441313859,6433650836,4,"/home/dsimsb/groups/RDNFTS/Office/Office 2016 Professional/access.en-us/access.en-us/accessmui.xml","xml",65534,65534,1449,59,96,1,"0100770",1438361775,1438361775,1610038216,-1,0
6433650836,6433650829,3,"/home/dsimsb/groups/RDNFTS/Office/Office 2016 Professional/access.en-us/access.en-us","",65534,65534,119,59,64,2,"0040770",1610038216,1610038216,1610038231,4,8131984
6433650938,6433650937,4,"/home/dsimsb/groups/RDNFTS/Office/Office 2016 Professional/proofing.en-us/proof.es/proof.cab","cab",65534,65534,13909437,59,30896,1,"0100770",1438366622,1438366622,1610038229,-1,0
6441313898,6433650937,4,"/home/dsimsb/groups/RDNFTS/Office/Office 2016 Professional/proofing.en-us/proof.es/proof.msi","msi",65534,65534,2109440,59,4752,1,"0100770",1438367337,1438367337,1610038229,-1,0
6441313901,6433650937,4,"/home/dsimsb/groups/RDNFTS/Office/Office 2016 Professional/proofing.en-us/proof.es/proof.xml","xml",65534,65534,1665,59,96,1,"0100770",1438363151,1438363151,1610038229,-1,0
6433650937,6433650923,3,"/home/dsimsb/groups/RDNFTS/Office/Office 2016 Professional/proofing.en-us/proof.es","",65534,65534,81,59,64,2,"0040770",1610038229,1610038229,1610038243,3,16020542
7983788076,7987180733,1,"/home/dsimsb/groups/RDNFTS/murrahe test/test01.xlsx.sb-6520ba16-zUuQTl","",65534,65534,0,59,64,2,"0040770",1675978140,1675978140,1675978140,0,0
7987180733,5860889729,0,"/home/dsimsb/groups/RDNFTS/murrahe test","",0,10,624,59,64,5,"0040770",1675980179,1675980179,1675980179,17,1920579
7981453887,7987180733,1,"/home/dsimsb/groups/RDNFTS/murrahe test/LeifsTest.xlsx.sb-88bf868e-VyQnaB","",65534,65534,0,59,64,2,"0040770",1675467915,1675467915,1675467915,0,0
7985058269,7984480210,2,"/home/dsimsb/groups/RDNFTS/murrahe test/LeifsTest5.xlsx.sb-88bf868e-6p8jNT/67BB2010.MACTF","MACTF",65534,65534,131072,59,144,1,"0100770",1675468402,1675468402,1675468402,-1,0
7984480210,7987180733,1,"/home/dsimsb/groups/RDNFTS/murrahe test/LeifsTest5.xlsx.sb-88bf868e-6p8jNT","",65534,65534,32,59,64,2,"0040770",1675468401,1675468401,1675468401,1,131072
